cohort_month,cohort_size,repeat_customers,repeat_rate_pct
2016-09,1,0,0.0
2016-10,262,12,4.6
2016-12,1,1,100.0
2017-01,717,52,7.3
2017-02,1628,66,4.1
2017-03,2503,121,4.8
2017-04,2256,102,4.5
2017-05,3451,182,5.3
2017-06,3037,161,5.3
2017-07,3752,175,4.7
2017-08,4057,191,4.7
2017-09,4004,180,4.5
2017-10,4328,160,3.7
2017-11,7060,223,3.2
2017-12,5338,139,2.6
2018-01,6842,208,3.0
2018-02,6288,236,3.8
2018-03,6774,162,2.4
2018-04,6582,129,2.0
2018-05,6506,109,1.7
2018-06,5878,70,1.2
2018-07,5949,88,1.5
2018-08,6144,34,0.6
